-- CreatorFlow synthetic operational data only. Never load real medical records here.
CREATE TABLE IF NOT EXISTS departments (
  id VARCHAR(64) PRIMARY KEY,
  name VARCHAR(64) NOT NULL UNIQUE
);
CREATE TABLE IF NOT EXISTS doctors (
  id VARCHAR(64) PRIMARY KEY,
  name VARCHAR(64) NOT NULL,
  department VARCHAR(64) NOT NULL,
  status VARCHAR(32) NOT NULL,
  today_count INT NOT NULL DEFAULT 0
);
CREATE TABLE IF NOT EXISTS patients (
  id VARCHAR(64) PRIMARY KEY,
  name VARCHAR(64) NOT NULL,
  phone VARCHAR(32) NOT NULL,
  last_visit VARCHAR(32) NOT NULL,
  created_at VARCHAR(64) NOT NULL
);
CREATE TABLE IF NOT EXISTS appointments (
  id VARCHAR(64) PRIMARY KEY,
  patient_id VARCHAR(64) NOT NULL,
  patient_name VARCHAR(64) NOT NULL,
  department VARCHAR(64) NOT NULL,
  doctor VARCHAR(64) NOT NULL,
  scheduled_at VARCHAR(64) NOT NULL,
  status VARCHAR(32) NOT NULL,
  created_at VARCHAR(64) NOT NULL,
  updated_at VARCHAR(64) NOT NULL,
  INDEX idx_appointments_status_time (status, scheduled_at)
);
CREATE TABLE IF NOT EXISTS appointment_events (
  id VARCHAR(64) PRIMARY KEY,
  appointment_id VARCHAR(64) NOT NULL,
  from_status VARCHAR(32) NOT NULL,
  to_status VARCHAR(32) NOT NULL,
  actor VARCHAR(64) NOT NULL,
  created_at VARCHAR(64) NOT NULL,
  INDEX idx_appointment_events_appointment (appointment_id, created_at)
);
CREATE TABLE IF NOT EXISTS followups (
  id VARCHAR(64) PRIMARY KEY,
  patient_id VARCHAR(64) NOT NULL,
  patient_name VARCHAR(64) NOT NULL,
  summary VARCHAR(255) NOT NULL,
  due_at VARCHAR(64) NOT NULL,
  status VARCHAR(32) NOT NULL,
  created_at VARCHAR(64) NOT NULL,
  updated_at VARCHAR(64) NOT NULL,
  INDEX idx_followups_status_due (status, due_at)
);

INSERT IGNORE INTO departments (id,name) VALUES
 ('dep-video','短视频'),('dep-article','图文专栏'),('dep-live','直播栏目'),('dep-brand','品牌合作');
INSERT IGNORE INTO doctors (id,name,department,status,today_count) VALUES
 ('doc-01','林编辑','短视频','排期中',18),('doc-02','沈编辑','图文专栏','排期中',16),
 ('doc-03','赵编辑','直播栏目','制作中',12),('doc-04','周编辑','品牌合作','休息中',10),
 ('doc-05','陈编辑','短视频','排期中',14),('doc-06','王编辑','图文专栏','排期中',16);
INSERT IGNORE INTO patients (id,name,phone,last_visit,created_at) VALUES
 ('PT-001','演示创作者01','13800000001','2026-07-15','2026-07-01'),('PT-002','演示创作者02','13800000002','2026-07-15','2026-07-01'),
 ('PT-003','演示创作者03','13800000003','2026-07-14','2026-07-01'),('PT-004','演示创作者04','13800000004','2026-07-14','2026-07-01'),
 ('PT-005','演示创作者05','13800000005','2026-07-13','2026-07-01'),('PT-006','演示创作者06','13800000006','2026-07-13','2026-07-01'),
 ('PT-007','演示创作者07','13800000007','2026-07-12','2026-07-01'),('PT-008','演示创作者08','13800000008','2026-07-12','2026-07-01'),
 ('PT-009','演示创作者09','13800000009','2026-07-11','2026-07-01'),('PT-010','演示创作者10','13800000010','2026-07-11','2026-07-01'),
 ('PT-011','演示创作者11','13800000011','2026-07-10','2026-07-01'),('PT-012','演示创作者12','13800000012','2026-07-10','2026-07-01'),
 ('PT-013','演示创作者13','13800000013','2026-07-09','2026-07-01'),('PT-014','演示创作者14','13800000014','2026-07-09','2026-07-01'),
 ('PT-015','演示创作者15','13800000015','2026-07-08','2026-07-01'),('PT-016','演示创作者16','13800000016','2026-07-08','2026-07-01'),
 ('PT-017','演示创作者17','13800000017','2026-07-07','2026-07-01'),('PT-018','演示创作者18','13800000018','2026-07-07','2026-07-01'),
 ('PT-019','演示创作者19','13800000019','2026-07-06','2026-07-01'),('PT-020','演示创作者20','13800000020','2026-07-06','2026-07-01'),
 ('PT-021','演示创作者21','13800000021','2026-07-05','2026-07-01'),('PT-022','演示创作者22','13800000022','2026-07-05','2026-07-01'),
 ('PT-023','演示创作者23','13800000023','2026-07-04','2026-07-01'),('PT-024','演示创作者24','13800000024','2026-07-04','2026-07-01'),
 ('PT-025','演示创作者25','13800000025','2026-07-03','2026-07-01'),('PT-026','演示创作者26','13800000026','2026-07-03','2026-07-01'),
 ('PT-027','演示创作者27','13800000027','2026-07-02','2026-07-01'),('PT-028','演示创作者28','13800000028','2026-07-02','2026-07-01'),
 ('PT-029','演示创作者29','13800000029','2026-07-01','2026-07-01'),('PT-030','演示创作者30','13800000030','2026-07-01','2026-07-01');
INSERT IGNORE INTO appointments (id,patient_id,patient_name,department,doctor,scheduled_at,status,created_at,updated_at) VALUES
 ('CR-0716-081','PT-001','演示创作者01','短视频','林编辑','2026-07-16T08:00:00+08:00','已发布','2026-07-16T00:00:00Z','2026-07-16T01:00:00Z'),
 ('CR-0716-082','PT-002','演示创作者02','图文专栏','沈编辑','2026-07-16T09:00:00+08:00','制作中','2026-07-16T00:00:00Z','2026-07-16T01:00:00Z'),
 ('CR-0716-083','PT-003','演示创作者03','直播栏目','赵编辑','2026-07-16T10:00:00+08:00','待制作','2026-07-16T00:00:00Z','2026-07-16T01:00:00Z'),
 ('CR-0716-084','PT-004','演示创作者04','品牌合作','周编辑','2026-07-16T11:00:00+08:00','已排期','2026-07-16T00:00:00Z','2026-07-16T01:00:00Z'),
 ('CR-0716-085','PT-005','演示创作者05','短视频','陈编辑','2026-07-16T12:00:00+08:00','待排期','2026-07-16T00:00:00Z','2026-07-16T01:00:00Z'),
 ('CR-0716-086','PT-006','演示创作者06','图文专栏','王编辑','2026-07-16T13:00:00+08:00','已发布','2026-07-16T00:00:00Z','2026-07-16T01:00:00Z'),
 ('CR-0716-087','PT-007','演示创作者07','直播栏目','赵编辑','2026-07-16T14:00:00+08:00','制作中','2026-07-16T00:00:00Z','2026-07-16T01:00:00Z'),
 ('CR-0716-088','PT-008','演示创作者08','品牌合作','周编辑','2026-07-16T15:00:00+08:00','待制作','2026-07-16T00:00:00Z','2026-07-16T01:00:00Z'),
 ('CR-0716-089','PT-009','演示创作者09','短视频','林编辑','2026-07-16T16:00:00+08:00','已排期','2026-07-16T00:00:00Z','2026-07-16T01:00:00Z'),
 ('CR-0716-090','PT-010','演示创作者10','图文专栏','沈编辑','2026-07-16T17:00:00+08:00','待排期','2026-07-16T00:00:00Z','2026-07-16T01:00:00Z'),
 ('CR-0716-091','PT-011','演示创作者11','直播栏目','赵编辑','2026-07-16T08:30:00+08:00','已发布','2026-07-16T00:00:00Z','2026-07-16T01:00:00Z'),
 ('CR-0716-092','PT-012','演示创作者12','品牌合作','周编辑','2026-07-16T09:30:00+08:00','待制作','2026-07-16T00:00:00Z','2026-07-16T01:00:00Z');
INSERT IGNORE INTO followups (id,patient_id,patient_name,summary,due_at,status,created_at,updated_at) VALUES
 ('RV-0716-001','PT-001','演示创作者01','标题与封面复核','2026-07-17','待完成','2026-07-16T00:00:00Z','2026-07-16T00:00:00Z'),
 ('RV-0716-002','PT-002','演示创作者02','素材版权检查','2026-07-17','待完成','2026-07-16T00:00:00Z','2026-07-16T00:00:00Z'),
 ('RV-0716-003','PT-003','演示创作者03','发布数据复盘','2026-07-18','待完成','2026-07-16T00:00:00Z','2026-07-16T00:00:00Z'),
 ('RV-0716-004','PT-004','演示创作者04','评论区互动复盘','2026-07-18','待完成','2026-07-16T00:00:00Z','2026-07-16T00:00:00Z'),
 ('RV-0716-005','PT-005','演示创作者05','选题热度复盘','2026-07-19','待完成','2026-07-16T00:00:00Z','2026-07-16T00:00:00Z'),
 ('RV-0716-006','PT-006','演示创作者06','品牌合作复盘','2026-07-19','待完成','2026-07-16T00:00:00Z','2026-07-16T00:00:00Z'),
 ('RV-0716-007','PT-007','演示创作者07','直播数据复盘','2026-07-20','待完成','2026-07-16T00:00:00Z','2026-07-16T00:00:00Z'),
 ('RV-0716-008','PT-008','演示创作者08','素材归档提醒','2026-07-20','待完成','2026-07-16T00:00:00Z','2026-07-16T00:00:00Z'),
 ('RV-0716-009','PT-009','演示创作者09','评论区复盘记录','2026-07-21','待完成','2026-07-16T00:00:00Z','2026-07-16T00:00:00Z'),
 ('RV-0716-010','PT-010','演示创作者10','内容质量抽检','2026-07-21','待完成','2026-07-16T00:00:00Z','2026-07-16T00:00:00Z'),
 ('RV-0716-011','PT-011','演示创作者11','发布节奏复盘','2026-07-22','待完成','2026-07-16T00:00:00Z','2026-07-16T00:00:00Z'),
 ('RV-0716-012','PT-012','演示创作者12','粉丝增长复盘','2026-07-22','待完成','2026-07-16T00:00:00Z','2026-07-16T00:00:00Z');
